ok,https://dns.google/dns-query,google.com,45.304727,44
ok,https://dns.google/dns-query,netflix.com,48.249732,77
ok,https://dns.aa.net.uk/dns-query,google.com,466.225227,44
ok,https://dns.aa.net.uk/dns-query,netflix.com,481.115345,213
ok,https://adfree.usableprivacy.net/dns-query,google.com,419.173264,124
ok,https://adfree.usableprivacy.net/dns-query,netflix.com,470.260224,77
ok,https://dns.adguard.com/dns-query,google.com,139.783841,124
ok,https://dns.adguard.com/dns-query,netflix.com,139.723062,77
ok,https://dns-family.adguard.com/dns-query,google.com,103.651611,124
ok,https://dns-family.adguard.com/dns-query,netflix.com,104.310846,77
ok,https://doh.in.ahadns.net/dns-query,google.com,690.688147,65
ok,https://doh.in.ahadns.net/dns-query,netflix.com,690.754945,121
ok,https://doh.la.ahadns.net/dns-query,google.com,267.102776,195
ok,https://doh.la.ahadns.net/dns-query,netflix.com,267.472302,121
ok,https://doh.nl.ahadns.net/dns-query,netflix.com,346.524206,121
ok,https://doh.nl.ahadns.net/dns-query,google.com,347.420446,65
ok,https://dns.alidns.com/dns-query,netflix.com,146.205554,121
ok,https://dns.alidns.com/dns-query,google.com,146.298243,65
ok,https://dnsnl.alekberg.net/dns-query,netflix.com,545.035278,132
ok,https://dnsnl.alekberg.net/dns-query,google.com,545.171794,196
ok,https://dnsnl.alekberg.net/dns-query,netflix.com,289.027061,132
ok,https://dnsnl.alekberg.net/dns-query,google.com,289.170311,68
ok,https://dns.arapurayil.com/dns-query,netflix.com,657.101211,77
ok,https://dns.arapurayil.com/dns-query,google.com,693.490542,44
ok,https://dohtrial.att.net/dns-query,google.com,159.850238,124
ok,https://dohtrial.att.net/dns-query,netflix.com,159.873378,77
ok,https://dnses.alekberg.net/dns-query,google.com,483.393097,324
ok,https://dnses.alekberg.net/dns-query,netflix.com,516.409021,388
Query got response: 404,https://doh.bortzmeyer.fr/dns-query,google.com, , 
Query got response: 404,https://doh.bortzmeyer.fr/dns-query,netflix.com, , 
ok,https://dns.circl.lu/dns-query,netflix.com,486.084156,110
ok,https://dns.circl.lu/dns-query,google.com,487.555628,54
ok,https://doh.opendns.com/dns-query,google.com,95.636631,44
ok,https://doh.opendns.com/dns-query,netflix.com,106.136509,77
ok,https://dns.cloudflare.com/dns-query,netflix.com,60.653062,77
ok,https://dns.cloudflare.com/dns-query,google.com,64.683926,44
ok,https://family.cloudflare-dns.com/dns-query,google.com,99.885084,44
ok,https://family.cloudflare-dns.com/dns-query,netflix.com,99.950783,77
ok,https://security.cloudflare-dns.com/dns-query,google.com,91.526010,44
ok,https://security.cloudflare-dns.com/dns-query,netflix.com,94.854416,77
ok,https://odvr.nic.cz/dns-query,google.com,579.477719,44
ok,https://odvr.nic.cz/dns-query,netflix.com,579.494709,77
ok,https://dns.digitale-gesellschaft.ch/dns-query,netflix.com,458.313517,121
ok,https://dns.digitale-gesellschaft.ch/dns-query,google.com,458.487099,65
ok,https://dns.digitale-gesellschaft.ch/dns-query,google.com,326.705582,65
ok,https://dns.digitale-gesellschaft.ch/dns-query,netflix.com,339.897929,132
ok,https://dns1.ryan-palmer.com/dns-query,google.com,426.820489,44
ok,https://dns1.ryan-palmer.com/dns-query,netflix.com,435.982575,77
ok,https://doh.dns.sb/dns-query,google.com,135.874064,65
ok,https://doh.dns.sb/dns-query,netflix.com,144.009934,121
error,google.com,883.144186,8
error,netflix.com,883.650869,8
Query failed: SSL connect error,https://dns1.dnscrypt.ca/dns-query,google.com, , 
Query failed: SSL connect error,https://dns1.dnscrypt.ca/dns-query,netflix.com, , 
Query failed: SSL connect error,https://dns2.dnscrypt.ca/dns-query,google.com, , 
Query failed: SSL connect error,https://dns2.dnscrypt.ca/dns-query,netflix.com, , 
ok,https://dns-doh.dnsforfamily.com/dns-query,google.com,568.989175,74
ok,https://dns-doh.dnsforfamily.com/dns-query,netflix.com,570.325754,77
ok,https://dns-doh-no-safe-search.dnsforfamily.com/dns-query,google.com,539.439129,44
ok,https://dns-doh-no-safe-search.dnsforfamily.com/dns-query,netflix.com,598.112058,77
ok,https://dnsforge.de/dns-query,google.com,506.735367,44
ok,https://dnsforge.de/dns-query,netflix.com,513.303116,77
ok,https://dns.dnshome.de/dns-query,google.com,559.123785,44
ok,https://dns.dnshome.de/dns-query,netflix.com,563.996959,77
ok,https://doh.pub/dns-query,google.com,692.696386,77
ok,https://doh.pub/dns-query,netflix.com,819.502360,133
ok,https://doh-ch.blahdns.com/dns-query,google.com,372.388885,65
ok,https://doh-ch.blahdns.com/dns-query,netflix.com,373.922275,121
Problem 7 decoding 38405 bytes response to probe,https://doh.cleanbrowsing.org/dns-query,google.com, , 
Problem 7 decoding 38405 bytes response to probe,https://doh.cleanbrowsing.org/dns-query,netflix.com, , 
Problem 7 decoding 38405 bytes response to probe,https://doh.cleanbrowsing.org/dns-query,google.com, , 
Problem 7 decoding 38405 bytes response to probe,https://doh.cleanbrowsing.org/dns-query,netflix.com, , 
Problem 7 decoding 38405 bytes response to probe,https://doh.cleanbrowsing.org/dns-query,google.com, , 
Problem 7 decoding 38405 bytes response to probe,https://doh.cleanbrowsing.org/dns-query,netflix.com, , 
Query got response: 405,https://doh.crypto.sx/dns-query,google.com, , 
Query got response: 405,https://doh.crypto.sx/dns-query,netflix.com, , 
ok,https://doh-de.blahdns.com/dns-query,google.com,335.444536,65
ok,https://doh-de.blahdns.com/dns-query,netflix.com,341.373760,121
ok,https://doh-fi.blahdns.com/dns-query,google.com,413.151653,65
ok,https://doh-fi.blahdns.com/dns-query,netflix.com,424.717598,121
ok,https://ibksturm.synology.me/dns-query,google.com,3406.396514,44
ok,https://ibksturm.synology.me/dns-query,netflix.com,7218.916030,77
ok,https://doh-jp.blahdns.com/dns-query,google.com,611.231858,65
ok,https://doh-jp.blahdns.com/dns-query,netflix.com,614.999669,121
ok,https://doh-sg.blahdns.com/dns-query,google.com,839.976432,65
ok,https://doh-sg.blahdns.com/dns-query,netflix.com,842.887070,121
Query got response: 404,https://doh.appliedprivacy.net/dns-query,google.com, , 
Query got response: 404,https://doh.appliedprivacy.net/dns-query,netflix.com, , 
ok,https://doh.ffmuc.net/dns-query,google.com,661.326128,44
ok,https://doh.ffmuc.net/dns-query,netflix.com,661.297715,77
ok,https://doh.tiarap.org/dns-query,netflix.com,356.760439,132
ok,https://doh.tiarap.org/dns-query,google.com,359.489426,68
Query failed: SSL peer certificate or SSH remote key was not OK,https://dns.emeraldonion.org/dns-query,google.com, , 
Query failed: SSL peer certificate or SSH remote key was not OK,https://dns.emeraldonion.org/dns-query,netflix.com, , 
ok,https://dns.google/dns-query,google.com,45.550897,44
ok,https://dns.google/dns-query,netflix.com,54.853281,77
ok,https://ordns.he.net/dns-query,google.com,47.297361,44
ok,https://ordns.he.net/dns-query,netflix.com,48.726472,77
Query failed: Couldn't connect to server,https://doh.tiar.app/dns-query,google.com, , 
Query failed: Couldn't connect to server,https://doh.tiar.app/dns-query,netflix.com, , 
ok,https://public.dns.iij.jp/dns-query,netflix.com,625.283491,110
ok,https://public.dns.iij.jp/dns-query,google.com,631.562033,54
ok,https://doh.this.web.id/dns-query,google.com,1493.238480,195
ok,https://doh.this.web.id/dns-query,netflix.com,1601.794852,121
Query failed: Couldn't connect to server,https://jp.tiar.app/dns-query,google.com, , 
Query failed: Couldn't connect to server,https://jp.tiar.app/dns-query,netflix.com, , 
ok,https://jp.tiarap.org/dns-query,google.com,310.062679,68
ok,https://jp.tiarap.org/dns-query,netflix.com,702.705445,132
ok,https://doh.libredns.gr/dns-query,google.com,458.304756,44
ok,https://doh.libredns.gr/dns-query,netflix.com,462.997577,77
ok,https://doh.libredns.gr/dns-query,google.com,292.476987,44
ok,https://doh.libredns.gr/dns-query,netflix.com,292.465242,77
ok,https://doh.linuxsec.org/dns-query,google.com,1062.501464,195
ok,https://doh.linuxsec.org/dns-query,netflix.com,1108.526196,315
ok,https://doh.linuxsec.org/dns-query,netflix.com,1089.700060,304
ok,https://doh.linuxsec.org/dns-query,google.com,1091.413528,195
ok,https://adblock.doh.mullvad.net/dns-query,google.com,160.256525,44
ok,https://adblock.doh.mullvad.net/dns-query,netflix.com,160.211700,77
ok,https://doh.mullvad.net/dns-query,google.com,161.241023,44
ok,https://doh.mullvad.net/dns-query,netflix.com,161.198047,77
ok,https://dns.nextdns.io/dns-query,google.com,244.726072,44
ok,https://dns.nextdns.io/dns-query,netflix.com,245.435134,77
ok,https://dns.njal.la/dns-query,netflix.com,833.039084,77
ok,https://dns.njal.la/dns-query,google.com,845.058734,44
Query got response: 405,https://doh.post-factum.tk/dns-query,netflix.com, , 
Query got response: 405,https://doh.post-factum.tk/dns-query,google.com, , 
ok,https://draco.plan9-ns2.com/dns-query,google.com,136.970567,124
ok,https://draco.plan9-ns2.com/dns-query,netflix.com,137.905135,77
ok,https://doh.powerdns.org/dns-query,google.com,534.918144,44
ok,https://doh.powerdns.org/dns-query,netflix.com,536.599294,77
Query failed: SSL connect error,https://doh.seby.io/dns-query,google.com, , 
Query failed: SSL connect error,https://doh.seby.io/dns-query,netflix.com, , 
ok,https://doh-2.seby.io/dns-query,google.com,644.954724,65
ok,https://doh-2.seby.io/dns-query,netflix.com,644.926296,121
ok,https://dns.twnic.tw/dns-query,google.com,1399.626422,76
ok,https://dns.twnic.tw/dns-query,netflix.com,1401.866295,132
ok,https://dns9.quad9.net/dns-query,google.com,72.515814,44
ok,https://dns9.quad9.net/dns-query,netflix.com,72.765876,77
ok,https://dns9.quad9.net/dns-query,google.com,44.770069,44
ok,https://dns9.quad9.net/dns-query,netflix.com,44.957062,77
ok,https://dnsse.alekberg.net/dns-query,netflix.com,535.268096,388
ok,https://dnsse.alekberg.net/dns-query,google.com,550.046398,324
ok,https://dns.switch.ch/dns-query,google.com,575.405402,44
ok,https://dns.switch.ch/dns-query,netflix.com,576.226467,77
ok,https://dns.t53.de/dns-query,google.com,781.637790,44
ok,https://dns.t53.de/dns-query,netflix.com,791.196418,77
ok,https://sg.yepdns.com/dns-query,netflix.com,716.684968,88
ok,https://sg.yepdns.com/dns-query,google.com,717.005871,135
ok,total_run_time,206395.669264,0

ok,https://dns.google/dns-query,google.com,45.880058,44
ok,https://dns.google/dns-query,netflix.com,48.312513,77
ok,https://dns.aa.net.uk/dns-query,google.com,273.280302,44
ok,https://dns.aa.net.uk/dns-query,netflix.com,273.265511,213
ok,https://adfree.usableprivacy.net/dns-query,google.com,385.158892,124
ok,https://adfree.usableprivacy.net/dns-query,netflix.com,417.849961,77
ok,https://dns.adguard.com/dns-query,google.com,71.984133,124
ok,https://dns.adguard.com/dns-query,netflix.com,71.961220,77
ok,https://dns-family.adguard.com/dns-query,netflix.com,72.887613,77
ok,https://dns-family.adguard.com/dns-query,google.com,73.096469,124
ok,https://doh.in.ahadns.net/dns-query,netflix.com,624.158330,121
ok,https://doh.in.ahadns.net/dns-query,google.com,625.070119,65
ok,https://doh.la.ahadns.net/dns-query,netflix.com,229.073087,121
ok,https://doh.la.ahadns.net/dns-query,google.com,229.362495,195
ok,https://doh.nl.ahadns.net/dns-query,google.com,311.964464,65
ok,https://doh.nl.ahadns.net/dns-query,netflix.com,312.222297,121
ok,https://dns.alidns.com/dns-query,google.com,51.475237,65
ok,https://dns.alidns.com/dns-query,netflix.com,69.571769,121
ok,https://dnsnl.alekberg.net/dns-query,netflix.com,295.726006,132
ok,https://dnsnl.alekberg.net/dns-query,google.com,295.888419,68
ok,https://dnsnl.alekberg.net/dns-query,google.com,297.928417,68
ok,https://dnsnl.alekberg.net/dns-query,netflix.com,297.903217,132
ok,https://dns.arapurayil.com/dns-query,google.com,630.667822,44
ok,https://dns.arapurayil.com/dns-query,netflix.com,630.694870,77
Query failed: SSL peer certificate or SSH remote key was not OK,https://dohtrial.att.net/dns-query,google.com, , 
Query failed: SSL peer certificate or SSH remote key was not OK,https://dohtrial.att.net/dns-query,netflix.com, , 
ok,https://dnses.alekberg.net/dns-query,netflix.com,369.024123,388
ok,https://dnses.alekberg.net/dns-query,google.com,373.751589,324
Query got response: 404,https://doh.bortzmeyer.fr/dns-query,google.com, , 
Query got response: 404,https://doh.bortzmeyer.fr/dns-query,netflix.com, , 
ok,https://dns.circl.lu/dns-query,google.com,337.791277,54
ok,https://dns.circl.lu/dns-query,netflix.com,366.201676,110
ok,https://doh.opendns.com/dns-query,google.com,64.322377,44
ok,https://doh.opendns.com/dns-query,netflix.com,99.543443,77
ok,https://dns.cloudflare.com/dns-query,google.com,48.894626,44
ok,https://dns.cloudflare.com/dns-query,netflix.com,55.610931,77
ok,https://family.cloudflare-dns.com/dns-query,google.com,49.664536,44
ok,https://family.cloudflare-dns.com/dns-query,netflix.com,49.773697,77
ok,https://security.cloudflare-dns.com/dns-query,netflix.com,51.144400,77
ok,https://security.cloudflare-dns.com/dns-query,google.com,51.857479,44
ok,https://odvr.nic.cz/dns-query,google.com,346.579843,44
ok,https://odvr.nic.cz/dns-query,netflix.com,346.627885,77
ok,https://dns.digitale-gesellschaft.ch/dns-query,google.com,327.673976,65
ok,https://dns.digitale-gesellschaft.ch/dns-query,netflix.com,328.125725,121
ok,https://dns.digitale-gesellschaft.ch/dns-query,google.com,333.080549,65
ok,https://dns.digitale-gesellschaft.ch/dns-query,netflix.com,333.325168,121
ok,https://dns1.ryan-palmer.com/dns-query,google.com,333.859553,44
ok,https://dns1.ryan-palmer.com/dns-query,netflix.com,334.579064,77
ok,https://doh.dns.sb/dns-query,netflix.com,66.333556,121
ok,https://doh.dns.sb/dns-query,google.com,67.561745,65
error,netflix.com,815.155438,8
error,google.com,815.335219,8
Query failed: SSL connect error,https://dns1.dnscrypt.ca/dns-query,google.com, , 
Query failed: SSL connect error,https://dns1.dnscrypt.ca/dns-query,netflix.com, , 
Query failed: SSL connect error,https://dns2.dnscrypt.ca/dns-query,google.com, , 
Query failed: SSL connect error,https://dns2.dnscrypt.ca/dns-query,netflix.com, , 
ok,https://dns-doh.dnsforfamily.com/dns-query,google.com,519.482780,74
ok,https://dns-doh.dnsforfamily.com/dns-query,netflix.com,525.999472,77
ok,https://dns-doh-no-safe-search.dnsforfamily.com/dns-query,google.com,510.865912,44
ok,https://dns-doh-no-safe-search.dnsforfamily.com/dns-query,netflix.com,512.962951,77
ok,https://dnsforge.de/dns-query,google.com,306.955070,44
ok,https://dnsforge.de/dns-query,netflix.com,322.686120,77
ok,https://dns.dnshome.de/dns-query,google.com,342.507730,44
ok,https://dns.dnshome.de/dns-query,netflix.com,347.151816,77
ok,https://doh.pub/dns-query,google.com,534.443614,77
ok,https://doh.pub/dns-query,netflix.com,673.975551,133
ok,https://doh-ch.blahdns.com/dns-query,netflix.com,329.654581,121
ok,https://doh-ch.blahdns.com/dns-query,google.com,341.966726,65
Problem 7 decoding 38405 bytes response to probe,https://doh.cleanbrowsing.org/dns-query,google.com, , 
Problem 7 decoding 38405 bytes response to probe,https://doh.cleanbrowsing.org/dns-query,netflix.com, , 
Problem 7 decoding 38405 bytes response to probe,https://doh.cleanbrowsing.org/dns-query,google.com, , 
Problem 7 decoding 38405 bytes response to probe,https://doh.cleanbrowsing.org/dns-query,netflix.com, , 
Problem 7 decoding 38405 bytes response to probe,https://doh.cleanbrowsing.org/dns-query,google.com, , 
Problem 7 decoding 38405 bytes response to probe,https://doh.cleanbrowsing.org/dns-query,netflix.com, , 
Query got response: 405,https://doh.crypto.sx/dns-query,google.com, , 
Query got response: 405,https://doh.crypto.sx/dns-query,netflix.com, , 
ok,https://doh-de.blahdns.com/dns-query,google.com,302.250034,65
ok,https://doh-de.blahdns.com/dns-query,netflix.com,309.401336,121
ok,https://doh-fi.blahdns.com/dns-query,google.com,375.445959,65
ok,https://doh-fi.blahdns.com/dns-query,netflix.com,384.038822,121
ok,https://ibksturm.synology.me/dns-query,netflix.com,605.751376,77
ok,https://ibksturm.synology.me/dns-query,google.com,626.686897,44
ok,https://doh-jp.blahdns.com/dns-query,google.com,531.671453,65
ok,https://doh-jp.blahdns.com/dns-query,netflix.com,533.652366,121
ok,https://doh-sg.blahdns.com/dns-query,google.com,783.527070,65
ok,https://doh-sg.blahdns.com/dns-query,netflix.com,788.162236,121
Query got response: 404,https://doh.appliedprivacy.net/dns-query,google.com, , 
Query got response: 404,https://doh.appliedprivacy.net/dns-query,netflix.com, , 
ok,https://doh.ffmuc.net/dns-query,google.com,603.038663,44
ok,https://doh.ffmuc.net/dns-query,netflix.com,603.012460,77
ok,https://doh.tiarap.org/dns-query,netflix.com,311.450548,132
ok,https://doh.tiarap.org/dns-query,google.com,315.964471,68
Query failed: SSL peer certificate or SSH remote key was not OK,https://dns.emeraldonion.org/dns-query,google.com, , 
Query failed: SSL peer certificate or SSH remote key was not OK,https://dns.emeraldonion.org/dns-query,netflix.com, , 
ok,https://dns.google/dns-query,google.com,47.618677,44
ok,https://dns.google/dns-query,netflix.com,47.606317,77
ok,https://ordns.he.net/dns-query,google.com,113.183225,44
ok,https://ordns.he.net/dns-query,netflix.com,135.768172,77
Query failed: Couldn't connect to server,https://doh.tiar.app/dns-query,google.com, , 
Query failed: Couldn't connect to server,https://doh.tiar.app/dns-query,netflix.com, , 
ok,https://public.dns.iij.jp/dns-query,google.com,225.902060,54
ok,https://public.dns.iij.jp/dns-query,netflix.com,311.883451,110
ok,https://doh.this.web.id/dns-query,google.com,1245.963376,195
ok,https://doh.this.web.id/dns-query,netflix.com,1246.586758,121
Query failed: Couldn't connect to server,https://jp.tiar.app/dns-query,google.com, , 
Query failed: Couldn't connect to server,https://jp.tiar.app/dns-query,netflix.com, , 
ok,https://jp.tiarap.org/dns-query,google.com,249.963255,68
ok,https://jp.tiarap.org/dns-query,netflix.com,255.822832,132
ok,https://doh.libredns.gr/dns-query,google.com,293.973670,44
ok,https://doh.libredns.gr/dns-query,netflix.com,298.748893,77
ok,https://doh.libredns.gr/dns-query,google.com,293.704985,44
ok,https://doh.libredns.gr/dns-query,netflix.com,293.707079,77
ok,https://doh.linuxsec.org/dns-query,netflix.com,1040.002384,304
ok,https://doh.linuxsec.org/dns-query,google.com,1040.202949,195
ok,https://doh.linuxsec.org/dns-query,google.com,1008.639265,195
ok,https://doh.linuxsec.org/dns-query,netflix.com,1008.687227,304
ok,https://adblock.doh.mullvad.net/dns-query,google.com,64.111990,44
ok,https://adblock.doh.mullvad.net/dns-query,netflix.com,64.062238,77
ok,https://doh.mullvad.net/dns-query,google.com,64.359058,44
ok,https://doh.mullvad.net/dns-query,netflix.com,64.317780,77
ok,https://dns.nextdns.io/dns-query,netflix.com,158.637279,77
ok,https://dns.nextdns.io/dns-query,google.com,158.765284,44
ok,https://dns.njal.la/dns-query,netflix.com,448.630270,77
ok,https://dns.njal.la/dns-query,google.com,456.402874,44
Query got response: 405,https://doh.post-factum.tk/dns-query,netflix.com, , 
Query got response: 405,https://doh.post-factum.tk/dns-query,google.com, , 
ok,https://draco.plan9-ns2.com/dns-query,google.com,114.502298,124
ok,https://draco.plan9-ns2.com/dns-query,netflix.com,115.381695,77
ok,https://doh.powerdns.org/dns-query,google.com,292.865354,44
ok,https://doh.powerdns.org/dns-query,netflix.com,302.726418,77
Query failed: SSL connect error,https://doh.seby.io/dns-query,google.com, , 
Query failed: SSL connect error,https://doh.seby.io/dns-query,netflix.com, , 
ok,https://doh-2.seby.io/dns-query,google.com,639.279995,65
ok,https://doh-2.seby.io/dns-query,netflix.com,639.190574,121
ok,https://dns.twnic.tw/dns-query,google.com,32371.130528,76
ok,https://dns.twnic.tw/dns-query,netflix.com,32372.580249,132
ok,https://dns9.quad9.net/dns-query,google.com,45.765671,44
ok,https://dns9.quad9.net/dns-query,netflix.com,46.737668,77
ok,https://dns9.quad9.net/dns-query,google.com,42.821662,44
ok,https://dns9.quad9.net/dns-query,netflix.com,43.267343,77
ok,https://dnsse.alekberg.net/dns-query,netflix.com,372.920808,260
ok,https://dnsse.alekberg.net/dns-query,google.com,374.385413,324
ok,https://dns.switch.ch/dns-query,google.com,471.859012,44
ok,https://dns.switch.ch/dns-query,netflix.com,471.847340,77
ok,https://dns.t53.de/dns-query,netflix.com,351.239059,77
ok,https://dns.t53.de/dns-query,google.com,354.423847,44
ok,https://sg.yepdns.com/dns-query,google.com,2348.906659,135
ok,https://sg.yepdns.com/dns-query,netflix.com,2348.881869,88
ok,total_run_time,224900.695534,0

ok,https://dns.google/dns-query,google.com,45.073867,44
ok,https://dns.google/dns-query,netflix.com,47.768950,77
ok,https://dns.aa.net.uk/dns-query,google.com,400.537420,44
ok,https://dns.aa.net.uk/dns-query,netflix.com,414.821421,213
ok,https://adfree.usableprivacy.net/dns-query,google.com,412.869075,124
ok,https://adfree.usableprivacy.net/dns-query,netflix.com,454.766922,77
ok,https://dns.adguard.com/dns-query,netflix.com,94.811138,77
ok,https://dns.adguard.com/dns-query,google.com,94.924451,124
ok,https://dns-family.adguard.com/dns-query,google.com,85.503147,124
ok,https://dns-family.adguard.com/dns-query,netflix.com,85.582598,77
ok,https://doh.in.ahadns.net/dns-query,google.com,649.968203,65
ok,https://doh.in.ahadns.net/dns-query,netflix.com,1057.888171,121
ok,https://doh.la.ahadns.net/dns-query,netflix.com,262.005219,121
ok,https://doh.la.ahadns.net/dns-query,google.com,262.532958,195
ok,https://doh.nl.ahadns.net/dns-query,netflix.com,328.078691,121
ok,https://doh.nl.ahadns.net/dns-query,google.com,328.754557,65
ok,https://dns.alidns.com/dns-query,netflix.com,147.376609,121
ok,https://dns.alidns.com/dns-query,google.com,147.479773,65
ok,https://dnsnl.alekberg.net/dns-query,google.com,428.017169,68
ok,https://dnsnl.alekberg.net/dns-query,netflix.com,429.230378,132
ok,https://dnsnl.alekberg.net/dns-query,netflix.com,296.094050,132
ok,https://dnsnl.alekberg.net/dns-query,google.com,296.258865,68
ok,https://dns.arapurayil.com/dns-query,google.com,622.354453,44
ok,https://dns.arapurayil.com/dns-query,netflix.com,622.416002,77
ok,https://dohtrial.att.net/dns-query,google.com,173.332145,124
ok,https://dohtrial.att.net/dns-query,netflix.com,182.021013,77
ok,https://dnses.alekberg.net/dns-query,google.com,506.700017,324
ok,https://dnses.alekberg.net/dns-query,netflix.com,606.032385,324
Query got response: 404,https://doh.bortzmeyer.fr/dns-query,google.com, , 
Query got response: 404,https://doh.bortzmeyer.fr/dns-query,netflix.com, , 
ok,https://dns.circl.lu/dns-query,netflix.com,382.193917,110
ok,https://dns.circl.lu/dns-query,google.com,398.460906,54
ok,https://doh.opendns.com/dns-query,google.com,82.366182,44
ok,https://doh.opendns.com/dns-query,netflix.com,95.367870,77
ok,https://dns.cloudflare.com/dns-query,google.com,64.272635,44
ok,https://dns.cloudflare.com/dns-query,netflix.com,65.383202,77
ok,https://family.cloudflare-dns.com/dns-query,google.com,89.678470,44
ok,https://family.cloudflare-dns.com/dns-query,netflix.com,91.495650,77
ok,https://security.cloudflare-dns.com/dns-query,google.com,119.728103,44
ok,https://security.cloudflare-dns.com/dns-query,netflix.com,121.195376,77
ok,https://odvr.nic.cz/dns-query,google.com,335.629750,44
ok,https://odvr.nic.cz/dns-query,netflix.com,335.695900,77
ok,https://dns.digitale-gesellschaft.ch/dns-query,google.com,329.492398,65
ok,https://dns.digitale-gesellschaft.ch/dns-query,netflix.com,329.507148,121
ok,https://dns.digitale-gesellschaft.ch/dns-query,netflix.com,336.900814,121
ok,https://dns.digitale-gesellschaft.ch/dns-query,google.com,337.565809,65
ok,https://dns1.ryan-palmer.com/dns-query,netflix.com,320.051196,77
ok,https://dns1.ryan-palmer.com/dns-query,google.com,341.233487,44
ok,https://doh.dns.sb/dns-query,google.com,130.421750,65
ok,https://doh.dns.sb/dns-query,netflix.com,152.811713,121
error,google.com,876.248008,8
error,netflix.com,876.201902,8
Query failed: SSL connect error,https://dns1.dnscrypt.ca/dns-query,google.com, , 
Query failed: SSL connect error,https://dns1.dnscrypt.ca/dns-query,netflix.com, , 
Query failed: SSL connect error,https://dns2.dnscrypt.ca/dns-query,google.com, , 
Query failed: SSL connect error,https://dns2.dnscrypt.ca/dns-query,netflix.com, , 
ok,https://dns-doh.dnsforfamily.com/dns-query,google.com,564.017916,74
ok,https://dns-doh.dnsforfamily.com/dns-query,netflix.com,565.092629,77
ok,https://dns-doh-no-safe-search.dnsforfamily.com/dns-query,google.com,546.921226,44
ok,https://dns-doh-no-safe-search.dnsforfamily.com/dns-query,netflix.com,549.925946,77
ok,https://dnsforge.de/dns-query,google.com,398.751179,44
ok,https://dnsforge.de/dns-query,netflix.com,414.841293,77
ok,https://dns.dnshome.de/dns-query,google.com,574.533370,44
ok,https://dns.dnshome.de/dns-query,netflix.com,577.987171,77
ok,https://doh.pub/dns-query,google.com,331.693054,77
ok,https://doh.pub/dns-query,netflix.com,679.280094,133
ok,https://doh-ch.blahdns.com/dns-query,google.com,339.866715,65
ok,https://doh-ch.blahdns.com/dns-query,netflix.com,341.090976,121
Problem 7 decoding 38405 bytes response to probe,https://doh.cleanbrowsing.org/dns-query,google.com, , 
Problem 7 decoding 38405 bytes response to probe,https://doh.cleanbrowsing.org/dns-query,netflix.com, , 
Problem 7 decoding 38405 bytes response to probe,https://doh.cleanbrowsing.org/dns-query,google.com, , 
Problem 7 decoding 38405 bytes response to probe,https://doh.cleanbrowsing.org/dns-query,netflix.com, , 
Problem 7 decoding 38405 bytes response to probe,https://doh.cleanbrowsing.org/dns-query,google.com, , 
Problem 7 decoding 38405 bytes response to probe,https://doh.cleanbrowsing.org/dns-query,netflix.com, , 
Query got response: 405,https://doh.crypto.sx/dns-query,google.com, , 
Query got response: 405,https://doh.crypto.sx/dns-query,netflix.com, , 
ok,https://doh-de.blahdns.com/dns-query,google.com,315.291979,65
ok,https://doh-de.blahdns.com/dns-query,netflix.com,322.147453,121
ok,https://doh-fi.blahdns.com/dns-query,google.com,381.162830,65
ok,https://doh-fi.blahdns.com/dns-query,netflix.com,390.822208,121
ok,https://ibksturm.synology.me/dns-query,google.com,649.871960,44
ok,https://ibksturm.synology.me/dns-query,netflix.com,654.807060,77
ok,https://doh-jp.blahdns.com/dns-query,google.com,557.062334,65
ok,https://doh-jp.blahdns.com/dns-query,netflix.com,560.366166,121
ok,https://doh-sg.blahdns.com/dns-query,google.com,767.639719,195
ok,https://doh-sg.blahdns.com/dns-query,netflix.com,769.905381,121
Query got response: 404,https://doh.appliedprivacy.net/dns-query,google.com, , 
Query got response: 404,https://doh.appliedprivacy.net/dns-query,netflix.com, , 
ok,https://doh.ffmuc.net/dns-query,google.com,657.308497,44
ok,https://doh.ffmuc.net/dns-query,netflix.com,657.250725,77
ok,https://doh.tiarap.org/dns-query,google.com,316.759804,68
ok,https://doh.tiarap.org/dns-query,netflix.com,316.745219,132
Query failed: SSL peer certificate or SSH remote key was not OK,https://dns.emeraldonion.org/dns-query,google.com, , 
Query failed: SSL peer certificate or SSH remote key was not OK,https://dns.emeraldonion.org/dns-query,netflix.com, , 
ok,https://dns.google/dns-query,google.com,49.083882,44
ok,https://dns.google/dns-query,netflix.com,116.647195,77
ok,https://ordns.he.net/dns-query,google.com,48.036025,44
ok,https://ordns.he.net/dns-query,netflix.com,63.472802,77
Query failed: Couldn't connect to server,https://doh.tiar.app/dns-query,google.com, , 
Query failed: Couldn't connect to server,https://doh.tiar.app/dns-query,netflix.com, , 
ok,https://public.dns.iij.jp/dns-query,netflix.com,625.636941,110
ok,https://public.dns.iij.jp/dns-query,google.com,633.939459,54
ok,https://doh.this.web.id/dns-query,netflix.com,1274.791154,121
ok,https://doh.this.web.id/dns-query,google.com,1275.892992,195
Query failed: Couldn't connect to server,https://jp.tiar.app/dns-query,google.com, , 
Query failed: Couldn't connect to server,https://jp.tiar.app/dns-query,netflix.com, , 
ok,https://jp.tiarap.org/dns-query,netflix.com,271.207106,132
ok,https://jp.tiarap.org/dns-query,google.com,291.027024,68
ok,https://doh.libredns.gr/dns-query,google.com,362.858221,44
ok,https://doh.libredns.gr/dns-query,netflix.com,367.582132,77
ok,https://doh.libredns.gr/dns-query,google.com,291.416153,44
ok,https://doh.libredns.gr/dns-query,netflix.com,291.413367,77
ok,https://doh.linuxsec.org/dns-query,google.com,1119.867053,195
ok,https://doh.linuxsec.org/dns-query,netflix.com,1119.882165,304
ok,https://doh.linuxsec.org/dns-query,google.com,1041.182607,195
ok,https://doh.linuxsec.org/dns-query,netflix.com,1041.261684,304
ok,https://adblock.doh.mullvad.net/dns-query,google.com,104.196197,44
ok,https://adblock.doh.mullvad.net/dns-query,netflix.com,104.165120,77
ok,https://doh.mullvad.net/dns-query,google.com,90.116095,44
ok,https://doh.mullvad.net/dns-query,netflix.com,90.091110,77
ok,https://dns.nextdns.io/dns-query,netflix.com,168.878983,77
ok,https://dns.nextdns.io/dns-query,google.com,169.802169,44
ok,https://dns.njal.la/dns-query,google.com,592.625727,44
ok,https://dns.njal.la/dns-query,netflix.com,617.392408,77
Query got response: 405,https://doh.post-factum.tk/dns-query,netflix.com, , 
Query got response: 405,https://doh.post-factum.tk/dns-query,google.com, , 
ok,https://draco.plan9-ns2.com/dns-query,google.com,128.712061,44
ok,https://draco.plan9-ns2.com/dns-query,netflix.com,129.639806,77
ok,https://doh.powerdns.org/dns-query,google.com,513.320406,44
ok,https://doh.powerdns.org/dns-query,netflix.com,516.502399,77
Query failed: SSL connect error,https://doh.seby.io/dns-query,google.com, , 
Query failed: SSL connect error,https://doh.seby.io/dns-query,netflix.com, , 
ok,https://doh-2.seby.io/dns-query,google.com,634.774566,65
ok,https://doh-2.seby.io/dns-query,netflix.com,634.722236,121
ok,https://dns.twnic.tw/dns-query,google.com,32459.040938,76
ok,https://dns.twnic.tw/dns-query,netflix.com,32460.854299,132
ok,https://dns9.quad9.net/dns-query,google.com,132.452163,44
ok,https://dns9.quad9.net/dns-query,netflix.com,132.477898,77
ok,https://dns9.quad9.net/dns-query,netflix.com,43.224339,77
ok,https://dns9.quad9.net/dns-query,google.com,43.326421,44
ok,https://dnsse.alekberg.net/dns-query,google.com,492.483447,324
ok,https://dnsse.alekberg.net/dns-query,netflix.com,514.705347,516
ok,https://dns.switch.ch/dns-query,google.com,563.241082,44
ok,https://dns.switch.ch/dns-query,netflix.com,564.504644,77
ok,https://dns.t53.de/dns-query,google.com,565.434011,44
ok,https://dns.t53.de/dns-query,netflix.com,570.696474,77
ok,https://sg.yepdns.com/dns-query,google.com,844.277716,135
ok,https://sg.yepdns.com/dns-query,netflix.com,844.271670,88
ok,total_run_time,228400.338108,0

ok,https://dns.google/dns-query,google.com,46.218724,44
ok,https://dns.google/dns-query,netflix.com,55.443409,77
ok,https://dns.aa.net.uk/dns-query,google.com,265.664928,44
ok,https://dns.aa.net.uk/dns-query,netflix.com,267.290723,213
ok,https://adfree.usableprivacy.net/dns-query,google.com,373.710908,124
ok,https://adfree.usableprivacy.net/dns-query,netflix.com,423.579129,77
ok,https://dns.adguard.com/dns-query,netflix.com,70.379380,77
ok,https://dns.adguard.com/dns-query,google.com,70.478325,124
ok,https://dns-family.adguard.com/dns-query,netflix.com,73.771540,77
ok,https://dns-family.adguard.com/dns-query,google.com,73.888352,124
ok,https://doh.in.ahadns.net/dns-query,google.com,623.926909,65
ok,https://doh.in.ahadns.net/dns-query,netflix.com,623.945870,121
ok,https://doh.la.ahadns.net/dns-query,netflix.com,232.574854,121
ok,https://doh.la.ahadns.net/dns-query,google.com,232.732797,65
ok,https://doh.nl.ahadns.net/dns-query,google.com,309.267291,65
ok,https://doh.nl.ahadns.net/dns-query,netflix.com,309.862841,121
ok,https://dns.alidns.com/dns-query,netflix.com,47.788874,121
ok,https://dns.alidns.com/dns-query,google.com,47.885591,65
ok,https://dnsnl.alekberg.net/dns-query,google.com,303.986739,68
ok,https://dnsnl.alekberg.net/dns-query,netflix.com,496.719838,132
ok,https://dnsnl.alekberg.net/dns-query,google.com,306.940825,68
ok,https://dnsnl.alekberg.net/dns-query,netflix.com,306.980880,132
ok,https://dns.arapurayil.com/dns-query,netflix.com,656.241283,77
ok,https://dns.arapurayil.com/dns-query,google.com,693.594622,44
Query failed: SSL peer certificate or SSH remote key was not OK,https://dohtrial.att.net/dns-query,google.com, , 
Query failed: SSL peer certificate or SSH remote key was not OK,https://dohtrial.att.net/dns-query,netflix.com, , 
ok,https://dnses.alekberg.net/dns-query,netflix.com,370.580922,388
ok,https://dnses.alekberg.net/dns-query,google.com,376.982968,324
Query got response: 404,https://doh.bortzmeyer.fr/dns-query,google.com, , 
Query got response: 404,https://doh.bortzmeyer.fr/dns-query,netflix.com, , 
ok,https://dns.circl.lu/dns-query,google.com,401.220871,54
ok,https://dns.circl.lu/dns-query,netflix.com,422.837803,110
ok,https://doh.opendns.com/dns-query,google.com,68.331470,44
ok,https://doh.opendns.com/dns-query,netflix.com,86.020860,77
ok,https://dns.cloudflare.com/dns-query,google.com,48.018702,44
ok,https://dns.cloudflare.com/dns-query,netflix.com,51.035804,77
ok,https://family.cloudflare-dns.com/dns-query,google.com,51.193153,44
ok,https://family.cloudflare-dns.com/dns-query,netflix.com,52.664427,77
ok,https://security.cloudflare-dns.com/dns-query,google.com,51.532272,44
ok,https://security.cloudflare-dns.com/dns-query,netflix.com,51.671960,77
ok,https://odvr.nic.cz/dns-query,google.com,353.412843,44
ok,https://odvr.nic.cz/dns-query,netflix.com,353.452135,77
ok,https://dns.digitale-gesellschaft.ch/dns-query,google.com,327.491555,65
ok,https://dns.digitale-gesellschaft.ch/dns-query,netflix.com,327.576297,121
ok,https://dns.digitale-gesellschaft.ch/dns-query,google.com,330.906122,65
ok,https://dns.digitale-gesellschaft.ch/dns-query,netflix.com,330.913975,121
ok,https://dns1.ryan-palmer.com/dns-query,google.com,303.624696,44
ok,https://dns1.ryan-palmer.com/dns-query,netflix.com,333.208893,77
ok,https://doh.dns.sb/dns-query,netflix.com,106.259260,121
ok,https://doh.dns.sb/dns-query,google.com,146.054738,65
error,netflix.com,807.573165,8
error,google.com,807.968197,8
Query failed: SSL connect error,https://dns1.dnscrypt.ca/dns-query,google.com, , 
Query failed: SSL connect error,https://dns1.dnscrypt.ca/dns-query,netflix.com, , 
Query failed: SSL connect error,https://dns2.dnscrypt.ca/dns-query,google.com, , 
Query failed: SSL connect error,https://dns2.dnscrypt.ca/dns-query,netflix.com, , 
ok,https://dns-doh.dnsforfamily.com/dns-query,google.com,529.898202,74
ok,https://dns-doh.dnsforfamily.com/dns-query,netflix.com,531.345870,77
ok,https://dns-doh-no-safe-search.dnsforfamily.com/dns-query,google.com,509.818440,44
ok,https://dns-doh-no-safe-search.dnsforfamily.com/dns-query,netflix.com,512.708896,77
ok,https://dnsforge.de/dns-query,google.com,306.094710,44
ok,https://dnsforge.de/dns-query,netflix.com,306.312981,77
ok,https://dns.dnshome.de/dns-query,google.com,350.636882,44
ok,https://dns.dnshome.de/dns-query,netflix.com,356.042923,77
ok,https://doh.pub/dns-query,google.com,776.730140,77
ok,https://doh.pub/dns-query,netflix.com,905.829072,133
ok,https://doh-ch.blahdns.com/dns-query,google.com,346.445707,65
ok,https://doh-ch.blahdns.com/dns-query,netflix.com,348.481477,121
Problem 7 decoding 38405 bytes response to probe,https://doh.cleanbrowsing.org/dns-query,google.com, , 
Problem 7 decoding 38405 bytes response to probe,https://doh.cleanbrowsing.org/dns-query,netflix.com, , 
Problem 7 decoding 38405 bytes response to probe,https://doh.cleanbrowsing.org/dns-query,google.com, , 
Problem 7 decoding 38405 bytes response to probe,https://doh.cleanbrowsing.org/dns-query,netflix.com, , 
Problem 7 decoding 38405 bytes response to probe,https://doh.cleanbrowsing.org/dns-query,google.com, , 
Problem 7 decoding 38405 bytes response to probe,https://doh.cleanbrowsing.org/dns-query,netflix.com, , 
Query got response: 405,https://doh.crypto.sx/dns-query,google.com, , 
Query got response: 405,https://doh.crypto.sx/dns-query,netflix.com, , 
ok,https://doh-de.blahdns.com/dns-query,google.com,309.825841,65
ok,https://doh-de.blahdns.com/dns-query,netflix.com,319.106303,121
ok,https://doh-fi.blahdns.com/dns-query,google.com,362.536910,65
ok,https://doh-fi.blahdns.com/dns-query,netflix.com,374.001210,121
ok,https://ibksturm.synology.me/dns-query,google.com,611.245961,44
ok,https://ibksturm.synology.me/dns-query,netflix.com,614.575400,77
ok,https://doh-jp.blahdns.com/dns-query,google.com,588.673148,65
ok,https://doh-jp.blahdns.com/dns-query,netflix.com,591.187488,121
ok,https://doh-sg.blahdns.com/dns-query,google.com,718.248585,195
ok,https://doh-sg.blahdns.com/dns-query,netflix.com,720.931042,121
Query got response: 404,https://doh.appliedprivacy.net/dns-query,google.com, , 
Query got response: 404,https://doh.appliedprivacy.net/dns-query,netflix.com, , 
ok,https://doh.ffmuc.net/dns-query,netflix.com,638.750680,77
ok,https://doh.ffmuc.net/dns-query,google.com,638.874428,44
ok,https://doh.tiarap.org/dns-query,netflix.com,352.022228,132
ok,https://doh.tiarap.org/dns-query,google.com,355.145412,68
Query failed: SSL peer certificate or SSH remote key was not OK,https://dns.emeraldonion.org/dns-query,google.com, , 
Query failed: SSL peer certificate or SSH remote key was not OK,https://dns.emeraldonion.org/dns-query,netflix.com, , 
ok,https://dns.google/dns-query,google.com,43.000248,44
ok,https://dns.google/dns-query,netflix.com,43.435953,77
ok,https://ordns.he.net/dns-query,google.com,43.046160,44
ok,https://ordns.he.net/dns-query,netflix.com,45.137703,77
Query failed: Couldn't connect to server,https://doh.tiar.app/dns-query,google.com, , 
Query failed: Couldn't connect to server,https://doh.tiar.app/dns-query,netflix.com, , 
ok,https://public.dns.iij.jp/dns-query,google.com,231.134285,54
ok,https://public.dns.iij.jp/dns-query,netflix.com,252.636512,110
ok,https://doh.this.web.id/dns-query,google.com,1245.009106,195
ok,https://doh.this.web.id/dns-query,netflix.com,1245.102684,121
Query failed: Couldn't connect to server,https://jp.tiar.app/dns-query,google.com, , 
Query failed: Couldn't connect to server,https://jp.tiar.app/dns-query,netflix.com, , 
ok,https://jp.tiarap.org/dns-query,netflix.com,247.745079,132
ok,https://jp.tiarap.org/dns-query,google.com,270.020150,68
ok,https://doh.libredns.gr/dns-query,google.com,299.876872,44
ok,https://doh.libredns.gr/dns-query,netflix.com,305.047254,77
ok,https://doh.libredns.gr/dns-query,google.com,300.922754,44
ok,https://doh.libredns.gr/dns-query,netflix.com,300.916661,77
ok,https://doh.linuxsec.org/dns-query,google.com,1077.351449,195
ok,https://doh.linuxsec.org/dns-query,netflix.com,1077.359810,304
ok,https://doh.linuxsec.org/dns-query,google.com,1040.259073,195
ok,https://doh.linuxsec.org/dns-query,netflix.com,1040.810326,304
ok,https://adblock.doh.mullvad.net/dns-query,google.com,64.895553,44
ok,https://adblock.doh.mullvad.net/dns-query,netflix.com,64.838036,77
ok,https://doh.mullvad.net/dns-query,google.com,63.514548,44
ok,https://doh.mullvad.net/dns-query,netflix.com,63.492279,77
ok,https://dns.nextdns.io/dns-query,google.com,213.675811,44
ok,https://dns.nextdns.io/dns-query,netflix.com,213.694057,77
ok,https://dns.njal.la/dns-query,google.com,438.493802,44
ok,https://dns.njal.la/dns-query,netflix.com,466.016573,77
Query got response: 405,https://doh.post-factum.tk/dns-query,netflix.com, , 
Query got response: 405,https://doh.post-factum.tk/dns-query,google.com, , 
ok,https://draco.plan9-ns2.com/dns-query,netflix.com,117.103325,77
ok,https://draco.plan9-ns2.com/dns-query,google.com,128.732039,124
ok,https://doh.powerdns.org/dns-query,google.com,300.751774,44
ok,https://doh.powerdns.org/dns-query,netflix.com,302.678836,77
Query failed: SSL connect error,https://doh.seby.io/dns-query,google.com, , 
Query failed: SSL connect error,https://doh.seby.io/dns-query,netflix.com, , 
ok,https://doh-2.seby.io/dns-query,netflix.com,932.458920,121
ok,https://doh-2.seby.io/dns-query,google.com,932.572327,65
ok,https://dns.twnic.tw/dns-query,google.com,805.963992,76
ok,https://dns.twnic.tw/dns-query,netflix.com,808.439966,132
ok,https://dns9.quad9.net/dns-query,google.com,43.789659,44
ok,https://dns9.quad9.net/dns-query,netflix.com,77.364911,77
ok,https://dns9.quad9.net/dns-query,netflix.com,45.560858,77
ok,https://dns9.quad9.net/dns-query,google.com,45.760382,44
ok,https://dnsse.alekberg.net/dns-query,google.com,379.964197,324
ok,https://dnsse.alekberg.net/dns-query,netflix.com,386.111120,388
ok,https://dns.switch.ch/dns-query,google.com,448.860260,44
ok,https://dns.switch.ch/dns-query,netflix.com,449.160725,77
ok,https://dns.t53.de/dns-query,netflix.com,596.769180,77
ok,https://dns.t53.de/dns-query,google.com,629.588463,44
ok,https://sg.yepdns.com/dns-query,netflix.com,693.401482,88
ok,https://sg.yepdns.com/dns-query,google.com,695.256737,135
ok,total_run_time,193033.062633,0

ok,https://dns.google/dns-query,google.com,66.233012,44
ok,https://dns.google/dns-query,netflix.com,74.578997,77
ok,https://dns.aa.net.uk/dns-query,google.com,433.259355,44
ok,https://dns.aa.net.uk/dns-query,netflix.com,447.166845,213
ok,https://adfree.usableprivacy.net/dns-query,google.com,394.745616,44
ok,https://adfree.usableprivacy.net/dns-query,netflix.com,439.285434,77
ok,https://dns.adguard.com/dns-query,google.com,72.709008,124
ok,https://dns.adguard.com/dns-query,netflix.com,72.745489,77
ok,https://dns-family.adguard.com/dns-query,google.com,95.143622,124
ok,https://dns-family.adguard.com/dns-query,netflix.com,95.122395,77
ok,https://doh.in.ahadns.net/dns-query,google.com,626.279381,65
ok,https://doh.in.ahadns.net/dns-query,netflix.com,626.308766,121
ok,https://doh.la.ahadns.net/dns-query,google.com,239.521382,65
ok,https://doh.la.ahadns.net/dns-query,netflix.com,239.532707,121
ok,https://doh.nl.ahadns.net/dns-query,google.com,323.243702,65
ok,https://doh.nl.ahadns.net/dns-query,netflix.com,325.387643,121
ok,https://dns.alidns.com/dns-query,google.com,151.845254,65
ok,https://dns.alidns.com/dns-query,netflix.com,185.862204,121
ok,https://dnsnl.alekberg.net/dns-query,google.com,436.222828,68
ok,https://dnsnl.alekberg.net/dns-query,netflix.com,436.194674,132
ok,https://dnsnl.alekberg.net/dns-query,google.com,294.290766,68
ok,https://dnsnl.alekberg.net/dns-query,netflix.com,295.171889,132
ok,https://dns.arapurayil.com/dns-query,google.com,614.741682,44
ok,https://dns.arapurayil.com/dns-query,netflix.com,614.789466,77
ok,https://dohtrial.att.net/dns-query,google.com,148.738467,124
ok,https://dohtrial.att.net/dns-query,netflix.com,148.776633,77
ok,https://dnses.alekberg.net/dns-query,google.com,506.147246,324
ok,https://dnses.alekberg.net/dns-query,netflix.com,606.205426,324
Query got response: 404,https://doh.bortzmeyer.fr/dns-query,google.com, , 
Query got response: 404,https://doh.bortzmeyer.fr/dns-query,netflix.com, , 
ok,https://dns.circl.lu/dns-query,netflix.com,353.356871,110
ok,https://dns.circl.lu/dns-query,google.com,366.620916,54
ok,https://doh.opendns.com/dns-query,netflix.com,93.416897,77
ok,https://doh.opendns.com/dns-query,google.com,100.851856,44
ok,https://dns.cloudflare.com/dns-query,netflix.com,79.432534,77
ok,https://dns.cloudflare.com/dns-query,google.com,81.253693,44
ok,https://family.cloudflare-dns.com/dns-query,netflix.com,93.026866,77
ok,https://family.cloudflare-dns.com/dns-query,google.com,93.179855,44
ok,https://security.cloudflare-dns.com/dns-query,google.com,112.147136,44
ok,https://security.cloudflare-dns.com/dns-query,netflix.com,120.246461,77
ok,https://odvr.nic.cz/dns-query,google.com,382.726462,44
ok,https://odvr.nic.cz/dns-query,netflix.com,382.737872,77
ok,https://dns.digitale-gesellschaft.ch/dns-query,google.com,329.706005,65
ok,https://dns.digitale-gesellschaft.ch/dns-query,netflix.com,329.712381,121
ok,https://dns.digitale-gesellschaft.ch/dns-query,google.com,333.625182,65
ok,https://dns.digitale-gesellschaft.ch/dns-query,netflix.com,347.542567,132
ok,https://dns1.ryan-palmer.com/dns-query,google.com,270.300015,44
ok,https://dns1.ryan-palmer.com/dns-query,netflix.com,290.596917,77
ok,https://doh.dns.sb/dns-query,netflix.com,149.783813,121
ok,https://doh.dns.sb/dns-query,google.com,188.891247,65
error,netflix.com,956.493886,8
error,google.com,956.681161,8
Query failed: SSL connect error,https://dns1.dnscrypt.ca/dns-query,google.com, , 
Query failed: SSL connect error,https://dns1.dnscrypt.ca/dns-query,netflix.com, , 
Query failed: SSL connect error,https://dns2.dnscrypt.ca/dns-query,google.com, , 
Query failed: SSL connect error,https://dns2.dnscrypt.ca/dns-query,netflix.com, , 
ok,https://dns-doh.dnsforfamily.com/dns-query,google.com,567.209882,74
ok,https://dns-doh.dnsforfamily.com/dns-query,netflix.com,568.223009,77
ok,https://dns-doh-no-safe-search.dnsforfamily.com/dns-query,google.com,520.537254,44
ok,https://dns-doh-no-safe-search.dnsforfamily.com/dns-query,netflix.com,551.213478,77
ok,https://dnsforge.de/dns-query,google.com,506.247962,44
ok,https://dnsforge.de/dns-query,netflix.com,514.018510,77
ok,https://dns.dnshome.de/dns-query,google.com,553.814341,44
ok,https://dns.dnshome.de/dns-query,netflix.com,567.032845,77
ok,https://doh.pub/dns-query,google.com,459.554253,77
ok,https://doh.pub/dns-query,netflix.com,810.664727,133
ok,https://doh-ch.blahdns.com/dns-query,google.com,345.452717,65
ok,https://doh-ch.blahdns.com/dns-query,netflix.com,346.655786,121
Problem 7 decoding 38405 bytes response to probe,https://doh.cleanbrowsing.org/dns-query,google.com, , 
Problem 7 decoding 38405 bytes response to probe,https://doh.cleanbrowsing.org/dns-query,netflix.com, , 
Problem 7 decoding 38405 bytes response to probe,https://doh.cleanbrowsing.org/dns-query,google.com, , 
Problem 7 decoding 38405 bytes response to probe,https://doh.cleanbrowsing.org/dns-query,netflix.com, , 
Problem 7 decoding 38405 bytes response to probe,https://doh.cleanbrowsing.org/dns-query,google.com, , 
Problem 7 decoding 38405 bytes response to probe,https://doh.cleanbrowsing.org/dns-query,netflix.com, , 
Query got response: 405,https://doh.crypto.sx/dns-query,netflix.com, , 
Query got response: 405,https://doh.crypto.sx/dns-query,google.com, , 
ok,https://doh-de.blahdns.com/dns-query,google.com,320.498497,65
ok,https://doh-de.blahdns.com/dns-query,netflix.com,327.314177,121
ok,https://doh-fi.blahdns.com/dns-query,google.com,392.387694,65
ok,https://doh-fi.blahdns.com/dns-query,netflix.com,399.896107,121
ok,https://ibksturm.synology.me/dns-query,google.com,648.684935,44
ok,https://ibksturm.synology.me/dns-query,netflix.com,657.888513,77
ok,https://doh-jp.blahdns.com/dns-query,google.com,613.689982,65
ok,https://doh-jp.blahdns.com/dns-query,netflix.com,616.129484,121
ok,https://doh-sg.blahdns.com/dns-query,google.com,801.349086,65
ok,https://doh-sg.blahdns.com/dns-query,netflix.com,802.076385,121
Query got response: 404,https://doh.appliedprivacy.net/dns-query,google.com, , 
Query got response: 404,https://doh.appliedprivacy.net/dns-query,netflix.com, , 
ok,https://doh.ffmuc.net/dns-query,google.com,659.136675,44
ok,https://doh.ffmuc.net/dns-query,netflix.com,659.105293,77
ok,https://doh.tiarap.org/dns-query,netflix.com,350.708501,132
ok,https://doh.tiarap.org/dns-query,google.com,383.796417,68
Query failed: SSL peer certificate or SSH remote key was not OK,https://dns.emeraldonion.org/dns-query,google.com, , 
Query failed: SSL peer certificate or SSH remote key was not OK,https://dns.emeraldonion.org/dns-query,netflix.com, , 
ok,https://dns.google/dns-query,google.com,44.177604,44
ok,https://dns.google/dns-query,netflix.com,45.037871,77
ok,https://ordns.he.net/dns-query,google.com,46.081255,44
ok,https://ordns.he.net/dns-query,netflix.com,47.317432,77
Query failed: Couldn't connect to server,https://doh.tiar.app/dns-query,google.com, , 
Query failed: Couldn't connect to server,https://doh.tiar.app/dns-query,netflix.com, , 
ok,https://public.dns.iij.jp/dns-query,google.com,511.976918,54
ok,https://public.dns.iij.jp/dns-query,netflix.com,520.402411,110
ok,https://doh.this.web.id/dns-query,netflix.com,1225.675968,121
ok,https://doh.this.web.id/dns-query,google.com,1226.406065,195
Query failed: Couldn't connect to server,https://jp.tiar.app/dns-query,google.com, , 
Query failed: Couldn't connect to server,https://jp.tiar.app/dns-query,netflix.com, , 
ok,https://jp.tiarap.org/dns-query,google.com,290.944809,68
ok,https://jp.tiarap.org/dns-query,netflix.com,827.344407,132
ok,https://doh.libredns.gr/dns-query,google.com,378.429180,44
ok,https://doh.libredns.gr/dns-query,netflix.com,383.551753,77
ok,https://doh.libredns.gr/dns-query,google.com,300.522071,44
ok,https://doh.libredns.gr/dns-query,netflix.com,300.516069,77
ok,https://doh.linuxsec.org/dns-query,netflix.com,1084.190196,304
ok,https://doh.linuxsec.org/dns-query,google.com,1084.359946,195
ok,https://doh.linuxsec.org/dns-query,netflix.com,1047.643988,304
ok,https://doh.linuxsec.org/dns-query,google.com,1047.813920,195
ok,https://adblock.doh.mullvad.net/dns-query,google.com,151.336932,44
ok,https://adblock.doh.mullvad.net/dns-query,netflix.com,151.304465,77
ok,https://doh.mullvad.net/dns-query,google.com,63.182074,44
ok,https://doh.mullvad.net/dns-query,netflix.com,63.140678,77
ok,https://dns.nextdns.io/dns-query,netflix.com,134.000556,77
ok,https://dns.nextdns.io/dns-query,google.com,134.893903,44
ok,https://dns.njal.la/dns-query,google.com,580.826570,44
ok,https://dns.njal.la/dns-query,netflix.com,591.410188,77
Query got response: 405,https://doh.post-factum.tk/dns-query,netflix.com, , 
Query got response: 405,https://doh.post-factum.tk/dns-query,google.com, , 
ok,https://draco.plan9-ns2.com/dns-query,google.com,148.348892,124
ok,https://draco.plan9-ns2.com/dns-query,netflix.com,149.178914,77
ok,https://doh.powerdns.org/dns-query,google.com,389.293655,44
ok,https://doh.powerdns.org/dns-query,netflix.com,399.343954,77
Query failed: SSL connect error,https://doh.seby.io/dns-query,google.com, , 
Query failed: SSL connect error,https://doh.seby.io/dns-query,netflix.com, , 
ok,https://doh-2.seby.io/dns-query,google.com,663.142220,65
ok,https://doh-2.seby.io/dns-query,netflix.com,663.088524,121
ok,https://dns.twnic.tw/dns-query,google.com,32718.820770,76
ok,https://dns.twnic.tw/dns-query,netflix.com,32720.689724,132
ok,https://dns9.quad9.net/dns-query,google.com,76.891934,44
ok,https://dns9.quad9.net/dns-query,netflix.com,78.562558,77
ok,https://dns9.quad9.net/dns-query,netflix.com,44.741005,77
ok,https://dns9.quad9.net/dns-query,google.com,44.993650,44
ok,https://dnsse.alekberg.net/dns-query,netflix.com,517.540612,388
ok,https://dnsse.alekberg.net/dns-query,google.com,535.625375,324
ok,https://dns.switch.ch/dns-query,google.com,687.434486,44
ok,https://dns.switch.ch/dns-query,netflix.com,688.544694,77
ok,https://dns.t53.de/dns-query,google.com,334.783618,44
ok,https://dns.t53.de/dns-query,netflix.com,345.012292,77
ok,https://sg.yepdns.com/dns-query,netflix.com,694.120730,88
ok,https://sg.yepdns.com/dns-query,google.com,694.860978,135
ok,total_run_time,228303.319947,0

k,https://family.cloudflare-dns.com/dns-query,google.com,51.193153,44
ok,https://family.cloudflare-dns.com/dns-query,netflix.com,52.664427,77
ok,https://security.cloudflare-dns.com/dns-query,google.com,51.532272,44
ok,https://security.cloudflare-dns.com/dns-query,netflix.com,51.671960,77
ok,https://odvr.nic.cz/dns-query,google.com,353.412843,44
ok,https://odvr.nic.cz/dns-query,netflix.com,353.452135,77
ok,https://dns.digitale-gesellschaft.ch/dns-query,google.com,327.491555,65
ok,https://dns.digitale-gesellschaft.ch/dns-query,netflix.com,327.576297,121
ok,https://dns.digitale-gesellschaft.ch/dns-query,google.com,330.906122,65
ok,https://dns.digitale-gesellschaft.ch/dns-query,netflix.com,330.913975,121
ok,https://dns1.ryan-palmer.com/dns-query,google.com,303.624696,44
ok,https://dns1.ryan-palmer.com/dns-query,netflix.com,333.208893,77
ok,https://doh.dns.sb/dns-query,netflix.com,106.259260,121
ok,https://doh.dns.sb/dns-query,google.com,146.054738,65
error,netflix.com,807.573165,8
error,google.com,807.968197,8
Query failed: SSL connect error,https://dns1.dnscrypt.ca/dns-query,google.com, , 
Query failed: SSL connect error,https://dns1.dnscrypt.ca/dns-query,netflix.com, , 
Query failed: SSL connect error,https://dns2.dnscrypt.ca/dns-query,google.com, , 
Query failed: SSL connect error,https://dns2.dnscrypt.ca/dns-query,netflix.com, , 
ok,https://dns-doh.dnsforfamily.com/dns-query,google.com,529.898202,74
ok,https://dns-doh.dnsforfamily.com/dns-query,netflix.com,531.345870,77
ok,https://dns-doh-no-safe-search.dnsforfamily.com/dns-query,google.com,509.818440,44
ok,https://dns-doh-no-safe-search.dnsforfamily.com/dns-query,netflix.com,512.708896,77
ok,https://dnsforge.de/dns-query,google.com,306.094710,44
ok,https://dnsforge.de/dns-query,netflix.com,306.312981,77
ok,https://dns.dnshome.de/dns-query,google.com,350.636882,44
ok,https://dns.dnshome.de/dns-query,netflix.com,356.042923,77
ok,https://doh.pub/dns-query,google.com,776.730140,77
ok,https://doh.pub/dns-query,netflix.com,905.829072,133
ok,https://doh-ch.blahdns.com/dns-query,google.com,346.445707,65
ok,https://doh-ch.blahdns.com/dns-query,netflix.com,348.481477,121
Problem 7 decoding 38405 bytes response to probe,https://doh.cleanbrowsing.org/dns-query,google.com, , 
Problem 7 decoding 38405 bytes response to probe,https://doh.cleanbrowsing.org/dns-query,netflix.com, , 
Problem 7 decoding 38405 bytes response to probe,https://doh.cleanbrowsing.org/dns-query,google.com, , 
Problem 7 decoding 38405 bytes response to probe,https://doh.cleanbrowsing.org/dns-query,netflix.com, , 
Problem 7 decoding 38405 bytes response to probe,https://doh.cleanbrowsing.org/dns-query,google.com, , 
Problem 7 decoding 38405 bytes response to probe,https://doh.cleanbrowsing.org/dns-query,netflix.com, , 
Query got response: 405,https://doh.crypto.sx/dns-query,google.com, , 
Query got response: 405,https://doh.crypto.sx/dns-query,netflix.com, , 
ok,https://doh-de.blahdns.com/dns-query,google.com,309.825841,65
ok,https://doh-de.blahdns.com/dns-query,netflix.com,319.106303,121
ok,https://doh-fi.blahdns.com/dns-query,google.com,362.536910,65
ok,https://doh-fi.blahdns.com/dns-query,netflix.com,374.001210,121
ok,https://ibksturm.synology.me/dns-query,google.com,611.245961,44
ok,https://ibksturm.synology.me/dns-query,netflix.com,614.575400,77
ok,https://doh-jp.blahdns.com/dns-query,google.com,588.673148,65
ok,https://doh-jp.blahdns.com/dns-query,netflix.com,591.187488,121
ok,https://doh-sg.blahdns.com/dns-query,google.com,718.248585,195
ok,https://doh-sg.blahdns.com/dns-query,netflix.com,720.931042,121
Query got response: 404,https://doh.appliedprivacy.net/dns-query,google.com, , 
Query got response: 404,https://doh.appliedprivacy.net/dns-query,netflix.com, , 
ok,https://doh.ffmuc.net/dns-query,netflix.com,638.750680,77
ok,https://doh.ffmuc.net/dns-query,google.com,638.874428,44
ok,https://doh.tiarap.org/dns-query,netflix.com,352.022228,132
ok,https://doh.tiarap.org/dns-query,google.com,355.145412,68
Query failed: SSL peer certificate or SSH remote key was not OK,https://dns.emeraldonion.org/dns-query,google.com, , 
Query failed: SSL peer certificate or SSH remote key was not OK,https://dns.emeraldonion.org/dns-query,netflix.com, , 
ok,https://dns.google/dns-query,google.com,43.000248,44
ok,https://dns.google/dns-query,netflix.com,43.435953,77
ok,https://ordns.he.net/dns-query,google.com,43.046160,44
ok,https://ordns.he.net/dns-query,netflix.com,45.137703,77
Query failed: Couldn't connect to server,https://doh.tiar.app/dns-query,google.com, , 
Query failed: Couldn't connect to server,https://doh.tiar.app/dns-query,netflix.com, , 
ok,https://public.dns.iij.jp/dns-query,google.com,231.134285,54
ok,https://public.dns.iij.jp/dns-query,netflix.com,252.636512,110
ok,https://doh.this.web.id/dns-query,google.com,1245.009106,195
ok,https://doh.this.web.id/dns-query,netflix.com,1245.102684,121
Query failed: Couldn't connect to server,https://jp.tiar.app/dns-query,google.com, , 
Query failed: Couldn't connect to server,https://jp.tiar.app/dns-query,netflix.com, , 
ok,https://jp.tiarap.org/dns-query,netflix.com,247.745079,132
ok,https://jp.tiarap.org/dns-query,google.com,270.020150,68
ok,https://doh.libredns.gr/dns-query,google.com,299.876872,44
ok,https://doh.libredns.gr/dns-query,netflix.com,305.047254,77
ok,https://doh.libredns.gr/dns-query,google.com,300.922754,44
ok,https://doh.libredns.gr/dns-query,netflix.com,300.916661,77
ok,https://doh.linuxsec.org/dns-query,google.com,1077.351449,195
ok,https://doh.linuxsec.org/dns-query,netflix.com,1077.359810,304
ok,https://doh.linuxsec.org/dns-query,google.com,1040.259073,195
ok,https://doh.linuxsec.org/dns-query,netflix.com,1040.810326,304
ok,https://adblock.doh.mullvad.net/dns-query,google.com,64.895553,44
ok,https://adblock.doh.mullvad.net/dns-query,netflix.com,64.838036,77
ok,https://doh.mullvad.net/dns-query,google.com,63.514548,44
ok,https://doh.mullvad.net/dns-query,netflix.com,63.492279,77
ok,https://dns.nextdns.io/dns-query,google.com,213.675811,44
ok,https://dns.nextdns.io/dns-query,netflix.com,213.694057,77
ok,https://dns.njal.la/dns-query,google.com,438.493802,44
ok,https://dns.njal.la/dns-query,netflix.com,466.016573,77
Query got response: 405,https://doh.post-factum.tk/dns-query,netflix.com, , 
Query got response: 405,https://doh.post-factum.tk/dns-query,google.com, , 
ok,https://draco.plan9-ns2.com/dns-query,netflix.com,117.103325,77
ok,https://draco.plan9-ns2.com/dns-query,google.com,128.732039,124
ok,https://doh.powerdns.org/dns-query,google.com,300.751774,44
ok,https://doh.powerdns.org/dns-query,netflix.com,302.678836,77
Query failed: SSL connect error,https://doh.seby.io/dns-query,google.com, , 
Query failed: SSL connect error,https://doh.seby.io/dns-query,netflix.com, , 
ok,https://doh-2.seby.io/dns-query,netflix.com,932.458920,121
ok,https://doh-2.seby.io/dns-query,google.com,932.572327,65
ok,https://dns.twnic.tw/dns-query,google.com,805.963992,76
ok,https://dns.twnic.tw/dns-query,netflix.com,808.439966,132
ok,https://dns9.quad9.net/dns-query,google.com,43.789659,44
ok,https://dns9.quad9.net/dns-query,netflix.com,77.364911,77
ok,https://dns9.quad9.net/dns-query,netflix.com,45.560858,77
ok,https://dns9.quad9.net/dns-query,google.com,45.760382,44
ok,https://dnsse.alekberg.net/dns-query,google.com,379.964197,324
ok,https://dnsse.alekberg.net/dns-query,netflix.com,386.111120,388
ok,https://dns.switch.ch/dns-query,google.com,448.860260,44
ok,https://dns.switch.ch/dns-query,netflix.com,449.160725,77
ok,https://dns.t53.de/dns-query,netflix.com,596.769180,77
ok,https://dns.t53.de/dns-query,google.com,629.588463,44
ok,https://sg.yepdns.com/dns-query,netflix.com,693.401482,88
ok,https://sg.yepdns.com/dns-query,google.com,695.256737,135
ok,total_run_time,193033.062633,0
ok,https://dns.google/dns-query,google.com,66.233012,44
ok,https://dns.google/dns-query,netflix.com,74.578997,77
ok,https://dns.aa.net.uk/dns-query,google.com,433.259355,44
ok,https://dns.aa.net.uk/dns-query,netflix.com,447.166845,213
ok,https://adfree.usableprivacy.net/dns-query,google.com,394.745616,44
ok,https://adfree.usableprivacy.net/dns-query,netflix.com,439.285434,77
ok,https://dns.adguard.com/dns-query,google.com,72.709008,124
ok,https://dns.adguard.com/dns-query,netflix.com,72.745489,77
ok,https://dns-family.adguard.com/dns-query,google.com,95.143622,124
ok,https://dns-family.adguard.com/dns-query,netflix.com,95.122395,77
ok,https://doh.in.ahadns.net/dns-query,google.com,626.279381,65
ok,https://doh.in.ahadns.net/dns-query,netflix.com,626.308766,121
ok,https://doh.la.ahadns.net/dns-query,google.com,239.521382,65
ok,https://doh.la.ahadns.net/dns-query,netflix.com,239.532707,121
ok,https://doh.nl.ahadns.net/dns-query,google.com,323.243702,65
ok,https://doh.nl.ahadns.net/dns-query,netflix.com,325.387643,121
ok,https://dns.alidns.com/dns-query,google.com,151.845254,65
ok,https://dns.alidns.com/dns-query,netflix.com,185.862204,121
ok,https://dnsnl.alekberg.net/dns-query,google.com,436.222828,68
ok,https://dnsnl.alekberg.net/dns-query,netflix.com,436.194674,132
ok,https://dnsnl.alekberg.net/dns-query,google.com,294.290766,68
ok,https://dnsnl.alekberg.net/dns-query,netflix.com,295.171889,132
ok,https://dns.arapurayil.com/dns-query,google.com,614.741682,44
ok,https://dns.arapurayil.com/dns-query,netflix.com,614.789466,77
ok,https://dohtrial.att.net/dns-query,google.com,148.738467,124
ok,https://dohtrial.att.net/dns-query,netflix.com,148.776633,77
ok,https://dnses.alekberg.net/dns-query,google.com,506.147246,324
ok,https://dnses.alekberg.net/dns-query,netflix.com,606.205426,324
Query got response: 404,https://doh.bortzmeyer.fr/dns-query,google.com, , 
Query got response: 404,https://doh.bortzmeyer.fr/dns-query,netflix.com, , 
ok,https://dns.circl.lu/dns-query,netflix.com,353.356871,110
ok,https://dns.circl.lu/dns-query,google.com,366.620916,54
ok,https://doh.opendns.com/dns-query,netflix.com,93.416897,77
ok,https://doh.opendns.com/dns-query,google.com,100.851856,44
ok,https://dns.cloudflare.com/dns-query,netflix.com,79.432534,77
ok,https://dns.cloudflare.com/dns-query,google.com,81.253693,44
ok,https://family.cloudflare-dns.com/dns-query,netflix.com,93.026866,77
ok,https://family.cloudflare-dns.com/dns-query,google.com,93.179855,44
ok,https://security.cloudflare-dns.com/dns-query,google.com,112.147136,44
ok,https://security.cloudflare-dns.com/dns-query,netflix.com,120.246461,77
ok,https://odvr.nic.cz/dns-query,google.com,382.726462,44
ok,https://odvr.nic.cz/dns-query,netflix.com,382.737872,77
ok,https://dns.digitale-gesellschaft.ch/dns-query,google.com,329.706005,65
ok,https://dns.digitale-gesellschaft.ch/dns-query,netflix.com,329.712381,121
ok,https://dns.digitale-gesellschaft.ch/dns-query,google.com,333.625182,65
ok,https://dns.digitale-gesellschaft.ch/dns-query,netflix.com,347.542567,132
ok,https://dns1.ryan-palmer.com/dns-query,google.com,270.300015,44
ok,https://dns1.ryan-palmer.com/dns-query,netflix.com,290.596917,77
ok,https://doh.dns.sb/dns-query,netflix.com,149.783813,121
ok,https://doh.dns.sb/dns-query,google.com,188.891247,65
error,netflix.com,956.493886,8
error,google.com,956.681161,8
Query failed: SSL connect error,https://dns1.dnscrypt.ca/dns-query,google.com, , 
Query failed: SSL connect error,https://dns1.dnscrypt.ca/dns-query,netflix.com, , 
Query failed: SSL connect error,https://dns2.dnscrypt.ca/dns-query,google.com, , 
Query failed: SSL connect error,https://dns2.dnscrypt.ca/dns-query,netflix.com, , 
ok,https://dns-doh.dnsforfamily.com/dns-query,google.com,567.209882,74
ok,https://dns-doh.dnsforfamily.com/dns-query,netflix.com,568.223009,77
ok,https://dns-doh-no-safe-search.dnsforfamily.com/dns-query,google.com,520.537254,44
ok,https://dns-doh-no-safe-search.dnsforfamily.com/dns-query,netflix.com,551.213478,77
ok,https://dnsforge.de/dns-query,google.com,506.247962,44
ok,https://dnsforge.de/dns-query,netflix.com,514.018510,77
ok,https://dns.dnshome.de/dns-query,google.com,553.814341,44
ok,https://dns.dnshome.de/dns-query,netflix.com,567.032845,77
ok,https://doh.pub/dns-query,google.com,459.554253,77
ok,https://doh.pub/dns-query,netflix.com,810.664727,133
ok,https://doh-ch.blahdns.com/dns-query,google.com,345.452717,65
ok,https://doh-ch.blahdns.com/dns-query,netflix.com,346.655786,121
Problem 7 decoding 38405 bytes response to probe,https://doh.cleanbrowsing.org/dns-query,google.com, , 
Problem 7 decoding 38405 bytes response to probe,https://doh.cleanbrowsing.org/dns-query,netflix.com, , 
Problem 7 decoding 38405 bytes response to probe,https://doh.cleanbrowsing.org/dns-query,google.com, , 
Problem 7 decoding 38405 bytes response to probe,https://doh.cleanbrowsing.org/dns-query,netflix.com, , 
Problem 7 decoding 38405 bytes response to probe,https://doh.cleanbrowsing.org/dns-query,google.com, , 
Problem 7 decoding 38405 bytes response to probe,https://doh.cleanbrowsing.org/dns-query,netflix.com, , 
Query got response: 405,https://doh.crypto.sx/dns-query,netflix.com, , 
Query got response: 405,https://doh.crypto.sx/dns-query,google.com, , 
ok,https://doh-de.blahdns.com/dns-query,google.com,320.498497,65
ok,https://doh-de.blahdns.com/dns-query,netflix.com,327.314177,121
ok,https://doh-fi.blahdns.com/dns-query,google.com,392.387694,65
ok,https://doh-fi.blahdns.com/dns-query,netflix.com,399.896107,121
ok,https://ibksturm.synology.me/dns-query,google.com,648.684935,44
ok,https://ibksturm.synology.me/dns-query,netflix.com,657.888513,77
ok,https://doh-jp.blahdns.com/dns-query,google.com,613.689982,65
ok,https://doh-jp.blahdns.com/dns-query,netflix.com,616.129484,121
ok,https://doh-sg.blahdns.com/dns-query,google.com,801.349086,65
ok,https://doh-sg.blahdns.com/dns-query,netflix.com,802.076385,121
Query got response: 404,https://doh.appliedprivacy.net/dns-query,google.com, , 
Query got response: 404,https://doh.appliedprivacy.net/dns-query,netflix.com, , 
ok,https://doh.ffmuc.net/dns-query,google.com,659.136675,44
ok,https://doh.ffmuc.net/dns-query,netflix.com,659.105293,77
ok,https://doh.tiarap.org/dns-query,netflix.com,350.708501,132
ok,https://doh.tiarap.org/dns-query,google.com,383.796417,68
Query failed: SSL peer certificate or SSH remote key was not OK,https://dns.emeraldonion.org/dns-query,google.com, , 
Query failed: SSL peer certificate or SSH remote key was not OK,https://dns.emeraldonion.org/dns-query,netflix.com, , 
ok,https://dns.google/dns-query,google.com,44.177604,44
ok,https://dns.google/dns-query,netflix.com,45.037871,77
ok,https://ordns.he.net/dns-query,google.com,46.081255,44
ok,https://ordns.he.net/dns-query,netflix.com,47.317432,77
Query failed: Couldn't connect to server,https://doh.tiar.app/dns-query,google.com, , 
Query failed: Couldn't connect to server,https://doh.tiar.app/dns-query,netflix.com, , 
ok,https://public.dns.iij.jp/dns-query,google.com,511.976918,54
ok,https://public.dns.iij.jp/dns-query,netflix.com,520.402411,110
ok,https://doh.this.web.id/dns-query,netflix.com,1225.675968,121
ok,https://doh.this.web.id/dns-query,google.com,1226.406065,195
Query failed: Couldn't connect to server,https://jp.tiar.app/dns-query,google.com, , 
Query failed: Couldn't connect to server,https://jp.tiar.app/dns-query,netflix.com, , 
ok,https://jp.tiarap.org/dns-query,google.com,290.944809,68
ok,https://jp.tiarap.org/dns-query,netflix.com,827.344407,132
ok,https://doh.libredns.gr/dns-query,google.com,378.429180,44
ok,https://doh.libredns.gr/dns-query,netflix.com,383.551753,77
ok,https://doh.libredns.gr/dns-query,google.com,300.522071,44
ok,https://doh.libredns.gr/dns-query,netflix.com,300.516069,77
ok,https://doh.linuxsec.org/dns-query,netflix.com,1084.190196,304
ok,https://doh.linuxsec.org/dns-query,google.com,1084.359946,195
ok,https://doh.linuxsec.org/dns-query,netflix.com,1047.643988,304
ok,https://doh.linuxsec.org/dns-query,google.com,1047.813920,195
ok,https://adblock.doh.mullvad.net/dns-query,google.com,151.336932,44
ok,https://adblock.doh.mullvad.net/dns-query,netflix.com,151.304465,77
ok,https://doh.mullvad.net/dns-query,google.com,63.182074,44
ok,https://doh.mullvad.net/dns-query,netflix.com,63.140678,77
ok,https://dns.nextdns.io/dns-query,netflix.com,134.000556,77
ok,https://dns.nextdns.io/dns-query,google.com,134.893903,44
ok,https://dns.njal.la/dns-query,google.com,580.826570,44
ok,https://dns.njal.la/dns-query,netflix.com,591.410188,77
Query got response: 405,https://doh.post-factum.tk/dns-query,netflix.com, , 
Query got response: 405,https://doh.post-factum.tk/dns-query,google.com, , 
ok,https://draco.plan9-ns2.com/dns-query,google.com,148.348892,124
ok,https://draco.plan9-ns2.com/dns-query,netflix.com,149.178914,77
ok,https://doh.powerdns.org/dns-query,google.com,389.293655,44
ok,https://doh.powerdns.org/dns-query,netflix.com,399.343954,77
Query failed: SSL connect error,https://doh.seby.io/dns-query,google.com, , 
Query failed: SSL connect error,https://doh.seby.io/dns-query,netflix.com, , 
ok,https://doh-2.seby.io/dns-query,google.com,663.142220,65
ok,https://doh-2.seby.io/dns-query,netflix.com,663.088524,121
ok,https://dns.twnic.tw/dns-query,google.com,32718.820770,76
ok,https://dns.twnic.tw/dns-query,netflix.com,32720.689724,132
ok,https://dns9.quad9.net/dns-query,google.com,76.891934,44
ok,https://dns9.quad9.net/dns-query,netflix.com,78.562558,77
ok,https://dns9.quad9.net/dns-query,netflix.com,44.741005,77
ok,https://dns9.quad9.net/dns-query,google.com,44.993650,44
ok,https://dnsse.alekberg.net/dns-query,netflix.com,517.540612,388
ok,https://dnsse.alekberg.net/dns-query,google.com,535.625375,324
ok,https://dns.switch.ch/dns-query,google.com,687.434486,44
ok,https://dns.switch.ch/dns-query,netflix.com,688.544694,77
ok,https://dns.t53.de/dns-query,google.com,334.783618,44
ok,https://dns.t53.de/dns-query,netflix.com,345.012292,77
ok,https://sg.yepdns.com/dns-query,netflix.com,694.120730,88
ok,https://sg.yepdns.com/dns-query,google.com,694.860978,135
ok,total_run_time,228303.319947,0
